"Country Name","Country Code","2000","2001","2002","2003","2004","2005","2006","2007","2008","2009","2010","2011","2012","2013","2014",
"Arab World","ARB","46.9013928023312","46.6029615642694","46.2913327178367","45.9702651667857","45.6371964846451","45.2856750575148","44.9238255525212","44.5675728750657","44.217588658096","43.8758258875893","43.5467428954447","43.2411121624602","42.9468935665468","42.6608636542396","",
"Caribbean small states","CSS","58.5710646125715","58.4766771177265","58.4340020462275","58.3961411611755","58.358134634503","58.3327280939229","58.3113212296443","58.2926393664529","58.2745186680915","58.2537004850369","58.2250571932314","58.1702880126004","58.1039763695897","58.0251430270982","",
"Central Europe and the Baltics","CEB","38.4325607358728","38.4281942512109","38.3677391368699","38.3255995004185","38.2832496133194","38.2327702276193","38.1760491759287","38.1123658050857","38.0350070646192","37.9798402942359","37.9421543247537","37.9064207827058","37.8660482040345","37.806875829098","",
"East Asia & Pacific (all income levels)","EAS","58.7796402460912","57.7816667203993","56.6922385042785","55.6018705130481","54.5084280632828","53.4169424819635","52.3603369134239","51.3233643029224","50.278443442236","49.2443622820573","48.213957373554","47.1802072948509","46.1841955334222","45.2189859893549","",
"East Asia & Pacific (developing only)","EAP","63.3533451050328","62.3272694100782","61.2198705279366","60.1001660497857","58.9694420872766","57.8330851566869","56.7195406452073","55.6175983075601","54.5108445479187","53.4059574020267","52.3002013408867","51.1982305156694","50.1217213281586","49.0744739806715","",
"Euro area","EMU","27.3465283951738","27.1691779489228","26.9501989811009","26.725867738596","26.5063386845294","26.2870766223828","26.0545822460798","25.8145208907411","25.5771232091685","25.3417870994663","25.1066051682257","24.8719164175539","24.6422600709899","24.4211583154404","",
"Europe & Central Asia (all income levels)","ECS","31.6671894872789","31.5529770550598","31.3895286624574","31.2201537495154","31.0510413966756","30.879266123614","30.7015353990282","30.5156603647797","30.3351164021014","30.1687055589147","30.0089355243893","29.8489793694614","29.6853233170647","29.5132238186476","",
"Europe & Central Asia (developing only)","ECA","42.4692048636909","42.3484859556219","42.1713953908553","41.9608772617799","41.7480219377914","41.5330277448512","41.3204657719279","41.1107852230574","40.9072522825498","40.7136641493128","40.537616824076","40.3547874469493","40.1394446292068","39.9215934919929","",
"European Union","EUU","28.4402825499964","28.2892074818641","28.0696993718026","27.8575514295477","27.6478287821772","27.4347844822351","27.2104048465789","26.9722350852262","26.7355658742722","26.5101857169179","26.2878289912191","26.0710885613076","25.8572990427755","25.6427573354238","",
"Fragile and conflict affected situations","FCS","65.0692888645212","64.7202392548077","64.3762555848227","64.0514467615833","63.7216064952265","63.3638323298077","62.9921698767981","62.6044693380447","62.2082593968246","61.8096976494395","61.4132763464729","61.0197218273559","60.6224808824858","60.2211796658796","",
"Heavily indebted poor countries (HIPC)","HPC","71.5216503325852","71.202985966456","70.873507840102","70.52290126691","70.16396935553","69.7906615334495","69.4116550825369","69.0224339657388","68.6038569202962","68.1802072374108","67.7504940807552","67.3154968828674","66.8748389024559","66.4297572543007","",
"High income","HIC","23.5750351034097","23.2814834379431","22.9432978964128","22.6197521522633","22.3043101799693","21.9989041005743","21.7192229757713","21.4529211122668","21.1928836107481","20.9437692885721","20.7058985638561","20.47461097497","20.2473475078719","20.0352502192475","",
"High income: nonOECD","NOC","24.5938984338093","24.5109592577895","24.4371250492351","24.3457935991186","24.2077249675243","24.0512939439261","23.877290941082","23.6897127256971","23.4956556223168","23.3216524858933","23.1645175476506","23.008987796188","22.8587186725477","22.7200844797191","",
"High income: OECD","OEC","23.3570636987986","23.0193154581444","22.6256038107106","22.2538497920789","21.9017049038128","21.5651715746778","21.2631035275731","20.9792444973704","20.7038360231163","20.4371617500617","20.179421859141","19.9299466758411","19.6834661339425","19.4539107259411","",
"Latin America & Caribbean (all income levels)","LCN","24.7309031424544","24.3757393025668","24.044730457269","23.7215106958561","23.400657519949","23.085595641515","22.7749924525386","22.4692591926573","22.1680026422476","21.872899970787","21.5822544763808","21.2967352070646","21.0186717900297","20.7474644638325","",
"Latin America & Caribbean (developing only)","LAC","25.1359915448694","24.7707367502671","24.4304734190055","24.0980237796374","23.7678508486588","23.4435529939594","23.1235803746652","22.8084948738953","22.4980660560514","22.1939033416791","21.8943443953139","21.5997227515139","21.3128987687641","21.0332225597048","",
"Least developed countries: UN classification","LDC","75.5921091538202","75.2232604196066","74.8213623535756","74.3985766441421","73.9655466543755","73.5192270331447","73.0666538037859","72.6067158868849","72.1233568374581","71.63420204888","71.1388293908458","70.6382148681447","70.1335497845793","69.6259151039786","",
"Low & middle income","LMY","60.7108761329985","60.156389744561","59.5556114141999","58.9502736353092","58.3406946923284","57.7280659022161","57.1237297428041","56.5252637752358","55.9228261746795","55.3215630845014","54.7209881545873","54.1230950599564","53.5291296833816","52.9485937953752","",
"Low income","LIC","75.4074424501739","75.0743655961558","74.7120778220365","74.3385205013516","73.9555397090919","73.558646012355","73.1544852549145","72.7418319826288","72.3036712446589","71.8588818546706","71.4066617163903","70.9477608364768","70.4835421638033","70.0155651861188","",
"Lower middle income","LMC","66.1686540147978","65.8559008938687","65.5008215720882","65.1399292104863","64.7716692584881","64.3944441575212","64.0101985664138","63.6192832051005","63.2224695164466","62.8219699357967","62.4171080374426","62.0086739846109","61.5857153081332","61.1613611676914","",
"Middle East & North Africa (all income levels)","MEA","41.3928750052988","40.9853926448776","40.5738006569267","40.1594933183158","39.7411005088571","39.3122035015386","38.8803386952169","38.4684423847516","38.0700719587395","37.6776703602712","37.3002876457275","36.9438375098308","36.5988781204143","36.2645075220348","",
"Middle East & North Africa (developing only)","MNA","44.4921174544257","44.1041474681159","43.7192298500586","43.340612619026","42.9689139474027","42.5955031811162","42.2264706603114","41.8853755215404","41.5575792507293","41.2294931111547","40.8980182820673","40.5724839351831","40.2433422391192","39.9131090577775","",
"Middle income","MIC","58.5108136406102","57.900466578309","57.2399895991346","56.5749104737312","55.905741578215","55.2348019396266","54.5741604321167","53.9208554766599","53.2663691345554","52.6133261102438","51.9606881912002","51.3106042601318","50.6640220269597","50.0330510526349","",
"North America","NAC","20.8974751184739","20.7052587123659","20.5398549957004","20.3751898239288","20.2106638605963","20.0489551872713","19.885903672949","19.7146704581655","19.544420893481","19.3752477829605","19.2080141509167","19.0390728683913","18.8700502733473","18.7000221606972","",
"Not classified","INX","","","","","","","","","","","","","","","",
"OECD members","OED","24.2864470053791","23.9430798517005","23.5478215991109","23.171455038462","22.8118810929613","22.4656723568548","22.1481254483815","21.8461230983484","21.5512631190581","21.2650961017795","20.9870787774792","20.7164082789253","20.4507750211691","20.199740854426","",
"Other small states","OSS","58.4900599066754","57.9398247730388","57.4078685095973","56.8780654460033","56.3658847708688","55.8365182146744","55.3244920711069","54.8284503694772","54.3341130946159","53.8419778744649","53.3471037515683","52.8863495890217","52.4028880642045","51.9221403406353","",
"Pacific island small states","PSS","65.7874423926387","65.5633911143194","65.3930259962201","65.2346311393218","65.0662865815525","64.8814956008072","64.6758356749277","64.4510311047998","64.2115885577726","63.9690760476378","63.7274371871187","63.4900783077143","63.255949334201","63.0219596681172","",
"Small states","SST","59.0903090411785","58.6820278448337","58.3013879130399","57.922385200832","57.5527970231313","57.1730261873344","56.8028757249091","56.4414932490023","56.0785546635599","55.7144008993805","55.3441067905523","54.9861726349834","54.6093207908433","54.2289924154715","",
"South Asia","SAS","72.6147135364935","72.328832970581","71.977740383053","71.6236377539357","71.2642324029905","70.9003856345666","70.531430139512","70.1566313050448","69.7766480659212","69.3941729456975","69.0077573581624","68.6171817325679","68.2121743456569","67.8054113689526","",
"Sub-Saharan Africa (all income levels)","SSF","69.2716686123558","68.8640098118123","68.4447786203273","68.0278435852047","67.6041859650257","67.1686747064914","66.7270951288948","66.2760779310002","65.8011954813831","65.3208895975589","64.8333296459132","64.3423151022732","63.847671381279","63.3509490244806","",
"Sub-Saharan Africa (developing only)","SSA","69.2779749161602","68.8700220383958","68.450483404623","68.0332511563454","67.6092948295604","67.1734810079064","66.7315993143245","66.2802787476668","65.8050819317493","65.3244649588278","64.8365979362101","64.3452836561256","63.8503457630818","63.3533378015625","",
"Upper middle income","UMC","51.1268800535419","50.1776138086991","49.1630950797071","48.1381793808603","47.1066769749944","46.0757608024766","45.0663030298789","44.0706273022739","43.074515136272","42.0825098774102","41.0904212220782","40.1037939073538","39.142135727967","38.2089130518453","",
"World","WLD","53.4493341147186","52.9966795271189","52.4948825969906","51.9908773585492","51.4820233726448","50.9699940224517","50.4658499072067","49.9640710435601","49.4563871351004","48.9553984159335","48.4570728666056","47.9602264197984","47.4769691658413","47.0015920213521","",
"Afghanistan","AFG","78.718","78.404","78.085","77.763","77.438","77.105","76.763","76.413","76.054","75.687","75.311","74.926","74.532","74.129","",
"Albania","ALB","58.259","57.565","56.499","55.427","54.349","53.269","52.185","51.098","50.009","48.924","47.837","46.753","45.67","44.617","",
"Algeria","DZA","40.081","39.288","38.499","37.716","36.939","36.17","35.407","34.652","33.903","33.178","32.474","31.791","31.13","30.49","",
"American Samoa","ASM","11.413","11.509","11.606","11.703","11.802","11.9","12","12.1","12.201","12.303","12.406","12.5","12.587","12.666","",
"Andorra","AND","7.605","7.944","8.35899999999999","8.79300000000001","9.249","9.705","10.162","10.637","11.133","11.648","12.183","12.74","13.292","13.835","",
"Angola","AGO","67.581","66.848","66.105","65.355","64.595","63.831","63.058","62.278","61.491","60.701","59.903","59.1","58.301","57.51","",
"Antigua and Barbuda","ATG","67.873","68.26","68.901","69.535","70.163","70.781","71.393","71.997","72.594","73.181","73.761","74.333","74.865","75.357","",
"Argentina","ARG","10.858","10.671","10.481","10.29","10.101","9.916","9.73399999999999","9.55500000000001","9.378","9.205","9.03400000000001","8.867","8.705","8.548","",
"Armenia","ARM","35.334","35.615","35.717","35.75","35.783","35.816","35.85","35.883","36.003","36.211","36.42","36.629","36.839","37.025","",
"Aruba","ABW","53.283","53.661","54.028","54.394","54.76","55.125","55.489","55.853","56.217","56.579","56.941","57.302","57.636","57.942","",
"Australia","AUS","12.835","12.622","12.459","12.305","12.151","12","11.85","11.702","11.555","11.41","11.267","11.125","10.985","10.847","",
"Austria","AUT","34.2","34.199","34.194","34.188","34.182","34.176","34.171","34.165","34.159","34.153","34.148","34.142","34.136","34.116","",
"Azerbaijan","AZE","48.614","48.413","48.213","48.012","47.811","47.611","47.411","47.21","47.01","46.81","46.599","46.377","46.144","45.9","",
"Bahamas, The","BHS","17.991","17.936","17.882","17.828","17.774","17.72","17.666","17.612","17.558","17.505","17.451","17.394","17.333","17.268","",
"Bahrain","BHR","11.628","11.631","11.63","11.624","11.614","11.6","11.581","11.559","11.532","11.5","11.465","11.425","11.381","11.333","",
"Bangladesh","BGD","76.41","75.904","75.244","74.571","73.886","73.191","72.483","71.763","71.032","70.291","69.538","68.775","68.01","67.247","",
"Barbados","BRB","66.17","66.349","66.528","66.706","66.884","67.061","67.238","67.414","67.59","67.765","67.94","68.095","68.231","68.348","",
"Belarus","BLR","30.027","29.542","29.061","28.585","28.113","27.646","27.184","26.727","26.274","25.828","25.385","24.954","24.533","24.123","",
"Belgium","BEL","2.872","2.816","2.761","2.708","2.655","2.60299999999999","2.55200000000001","2.503","2.45399999999999","2.40600000000001","2.35899999999999","2.313","2.268","2.224","",
"Belize","BLZ","52.337","52.608","52.878","53.149","53.42","53.689","53.959","54.229","54.499","54.768","55.037","55.282","55.504","55.702","",
"Benin","BEN","61.667","61.35","61.031","60.703","60.365","60.018","59.662","59.297","58.922","58.539","58.146","57.744","57.333","56.914","",
"Bermuda","BMU","0","0","0","0","0","0","0","0","0","0","0","0","0","0","",
"Bhutan","BTN","74.582","73.52","72.43","71.312","70.165","69.035","68.288","67.531","66.764","65.99","65.207","64.415","63.632","62.861","",
"Bolivia","BOL","38.166","37.687","37.209","36.736","36.268","35.806","35.348","34.896","34.45","34.009","33.574","33.145","32.721","32.304","",
"Bosnia and Herzegovina","BIH","60.694","60.715","60.736","60.756","60.777","60.798","60.819","60.84","60.839","60.817","60.774","60.709","60.622","60.514","",
"Botswana","BWA","46.781","45.938","45.626","45.393","45.159","44.927","44.694","44.461","44.228","43.996","43.765","43.533","43.301","43.062","",
"Brazil","BRA","18.808","18.447","18.12","17.797","17.479","17.166","16.857","16.552","16.251","15.956","15.665","15.377","15.099","14.829","",
"Brunei Darussalam","BRN","28.836","28.348","27.864","27.394","26.939","26.497","26.069","25.655","25.254","24.866","24.49","24.128","23.777","23.439","",
"Bulgaria","BGR","31.101","30.834","30.476","30.121","29.767","29.416","29.068","28.722","28.378","28.037","27.698","27.362","27.029","26.7","",
"Burkina Faso","BFA","82.156","81.46","80.742","80.004","79.243","78.463","77.661","76.837","76.007","75.172","74.335","73.495","72.654","71.814","",
"Burundi","BDI","91.754","91.539","91.318","91.092","90.861","90.625","90.383","90.136","89.882","89.624","89.359","89.088","88.811","88.528","",
"Cabo Verde","CPV","46.565","45.709","44.854","44.003","43.154","42.311","41.471","40.637","39.806","38.984","38.167","37.376","36.611","35.873","",
"Cambodia","KHM","81.414","81.297","81.18","81.063","80.945","80.826","80.707","80.587","80.467","80.334","80.19","80.033","79.863","79.681","",
"Cameroon","CMR","54.458","53.861","53.262","52.662","52.06","51.459","50.857","50.259","49.663","49.072","48.484","47.901","47.323","46.75","",
"Canada","CAN","20.522","20.19","20.112","20.033","19.955","19.878","19.787","19.604","19.422","19.242","19.063","18.885","18.707","18.528","",
"Cayman Islands","CYM","0","0","0","0","0","0","0","0","0","0","0","0","0","0","",
"Central African Republic","CAF","62.361","62.28","62.198","62.116","62.034","61.934","61.817","61.682","61.53","61.36","61.172","60.966","60.742","60.5","",
"Chad","TCD","78.363","78.33","78.298","78.265","78.232","78.199","78.166","78.132","78.099","78.066","78.017","77.952","77.871","77.773","",
"Channel Islands","CHI","69.535","69.505","69.443","69.381","69.319","69.257","69.195","69.133","69.071","69.008","68.946","68.884","68.811","68.729","",
"Chile","CHL","13.927","13.637","13.352","13.078","12.813","12.557","12.311","12.074","11.845","11.625","11.414","11.21","11.014","10.825","",
"China","CHN","64.123","62.907","61.575","60.224","58.856","57.478","56.132","54.801","53.461","52.12","50.774","49.427","48.111","46.832","",
"Colombia","COL","27.925","27.62","27.317","27.016","26.716","26.419","26.124","25.831","25.54","25.251","24.964","24.679","24.397","24.117","",
"Comoros","COM","71.92","71.964","72.008","72.053","72.097","72.127","72.145","72.149","72.14","72.118","72.082","72.034","71.971","71.896","",
"Congo, Dem. Rep.","COD","64.878","64.413","63.945","63.474","63","62.522","62.039","61.552","61.059","60.563","60.063","59.558","59.05","58.539","",
"Congo, Rep.","COG","41.305","40.844","40.383","39.924","39.467","39.012","38.559","38.107","37.659","37.214","36.772","36.334","35.9","35.469","",
"Costa Rica","CRI","40.951","39.593","38.249","36.923","35.615","34.331","33.068","31.828","30.613","29.427","28.266","27.134","26.06","25.044","",
"Cote d'Ivoire","CIV","56.459","55.805","55.147","54.487","53.825","53.164","52.5","51.734","50.966","50.2","49.443","48.695","47.959","47.234","",
"Croatia","HRV","44.413","44.275","44.124","43.96","43.783","43.594","43.392","43.178","42.952","42.713","42.463","42.2","41.926","41.641","",
"Cuba","CUB","24.677","24.445","24.215","24.053","23.959","23.866","23.773","23.68","23.587","23.495","23.403","23.311","23.219","23.128","",
"Curacao","CUW","9.248","8.989","9.10599999999999","9.22499999999999","9.345","9.46599999999999","9.589","9.71299999999999","9.839","9.96599999999999","10.095","10.225","10.348","10.463","",
"Cyprus","CYP","31.352","31.231","31.306","31.447","31.59","31.732","31.875","32.018","32.161","32.305","32.449","32.594","32.739","32.867","",
"Czech Republic","CZE","26.012","26.123","26.191","26.26","26.329","26.398","26.467","26.537","26.606","26.676","26.745","26.815","26.885","26.94","",
"Denmark","DNK","14.9","14.85","14.75","14.64","14.434","14.144","13.902","13.707","13.513","13.346","13.205","13.043","12.858","12.676","",
"Djibouti","DJI","23.468","23.422","23.376","23.33","23.284","23.239","23.193","23.147","23.101","23.056","23.004","22.947","22.883","22.814","",
"Dominica","DMA","34.735","34.618","34.311","34.006","33.701","33.399","33.097","32.797","32.498","32.201","31.906","31.611","31.319","31.03","",
"Dominican Republic","DOM","38.254","37.444","36.639","35.404","34.005","32.636","31.295","29.984","28.703","27.459","26.248","25.071","23.961","22.918","",
"Ecuador","ECU","39.701","39.201","38.882","38.684","38.486","38.289","38.093","37.896","37.7","37.505","37.31","37.115","36.912","36.702","",
"Egypt, Arab Rep.","EGY","57.203","57.157","57.111","57.065","57.019","56.973","56.927","56.922","56.942","56.961","56.981","57","56.998","56.975","",
"El Salvador","SLV","41.088","40.536","39.986","39.439","38.893","38.352","37.813","37.277","36.748","36.227","35.714","35.21","34.713","34.225","",
"Equatorial Guinea","GNQ","61.194","61.2","61.206","61.198","61.178","61.144","61.097","61.037","60.963","60.877","60.777","60.663","60.537","60.397","",
"Eritrea","ERI","82.445","82.204","81.951","81.685","81.405","81.111","80.804","80.482","80.146","79.794","79.428","79.046","78.648","78.235","",
"Estonia","EST","30.632","30.758","30.884","31.011","31.138","31.265","31.393","31.521","31.649","31.777","31.906","32.035","32.165","32.279","",
"Ethiopia","ETH","85.26","85.073","84.882","84.69","84.496","84.3","84.101","83.884","83.49","83.09","82.681","82.265","81.84","81.41","",
"Faeroe Islands","FRO","63.663","62.825","61.978","61.286","60.753","60.219","59.853","59.659","59.464","59.269","59.074","58.878","58.677","58.47","",
"Fiji","FJI","52.092","51.7","51.308","50.915","50.521","50.129","49.736","49.343","48.949","48.56","48.172","47.786","47.404","47.024","",
"Finland","FIN","17.817","17.632","17.497","17.362","17.228","17.095","16.963","16.832","16.701","16.571","16.442","16.312","16.181","16.048","",
"France","FRA","24.129","23.873","23.62","23.368","23.117","22.87","22.623","22.379","22.136","21.894","21.655","21.416","21.18","20.945","",
"French Polynesia","PYF","43.929","44.001","44.074","43.971","43.772","43.574","43.375","43.177","43.262","43.392","43.521","43.651","43.782","43.911","",
"Gabon","GAB","19.918","19.15","18.435","17.77","17.153","16.579","16.048","15.557","15.104","14.687","14.303","13.953","13.633","13.342","",
"Gambia, The","GMB","52.132","51.225","50.317","49.408","48.521","47.658","46.818","46.003","45.211","44.445","43.703","42.986","42.294","41.627","",
"Georgia","GEO","47.362","47.602","47.707","47.648","47.589","47.53","47.475","47.425","47.375","47.277","47.131","46.984","46.838","46.691","",
"Germany","DEU","26.933","26.887","26.826","26.767","26.711","26.645","26.506","26.305","26.105","25.907","25.709","25.512","25.312","25.11","",
"Ghana","GHA","56.071","55.399","54.725","54.049","53.37","52.692","52.012","51.331","50.649","49.969","49.287","48.606","47.931","47.265","",
"Greece","GRC","27.284","27.087","26.697","26.311","25.927","25.548","25.173","24.801","24.432","24.068","23.708","23.351","23","22.657","",
"Greenland","GRL","18.4","18.151","17.905","17.662","17.42","17.142","16.828","16.518","16.213","15.913","15.617","15.245","14.8","14.367","",
"Grenada","GRD","64.129","63.895","63.942","63.989","64.037","64.084","64.131","64.178","64.225","64.272","64.319","64.366","64.399","64.417","",
"Guam","GUM","6.871","6.767","6.666","6.565","6.46599999999999","6.369","6.273","6.178","6.084","5.992","5.901","5.813","5.727","5.64400000000001","",
"Guatemala","GTM","54.873","54.468","54.063","53.656","53.244","52.828","52.407","51.981","51.551","51.116","50.677","50.235","49.788","49.339","",
"Guinea","GIN","68.983","68.645","68.298","67.94","67.572","67.193","66.804","66.404","65.995","65.574","65.144","64.703","64.252","63.791","",
"Guinea-Bissau","GNB","63.346","62.518","61.682","60.838","59.987","59.133","58.271","57.404","56.532","55.658","54.779","53.919","53.076","52.253","",
"Guyana","GUY","71.306","71.394","71.482","71.569","71.642","71.699","71.742","71.769","71.782","71.779","71.761","71.729","71.681","71.618","",
"Haiti","HTI","64.4","62.749","61.065","59.355","57.619","55.916","54.244","52.61","51.02","49.477","47.984","46.544","45.159","43.832","",
"Honduras","HND","54.542","54.036","53.407","52.767","52.125","51.484","50.842","50.2","49.562","48.93","48.304","47.684","47.07","46.463","",
"Hong Kong SAR, China","HKG","0","0","0","0","0","0","0","0","0","0","0","0","0","0","",
"Hungary","HUN","35.425","35.33","34.919","34.511","34.104","33.646","33.137","32.632","32.13","31.634","31.141","30.652","30.168","29.694","",
"Iceland","ISL","7.599","7.468","7.33799999999999","7.211","7.086","6.96299999999999","6.84099999999999","6.72199999999999","6.605","6.489","6.376","6.26600000000001","6.16","6.05800000000001","",
"India","IND","72.333","72.082","71.756","71.428","71.097","70.765","70.431","70.094","69.754","69.413","69.07","68.724","68.369","68.006","",
"Indonesia","IDN","57.998","57.218","56.434","55.647","54.855","54.063","53.268","52.472","51.673","50.876","50.076","49.288","48.512","47.748","",
"Iran, Islamic Rep.","IRN","35.958","35.242","34.532","33.828","33.131","32.442","31.761","31.136","30.542","29.955","29.374","28.8","28.231","27.68","",
"Iraq","IRQ","31.504","31.45","31.396","31.342","31.288","31.234","31.181","31.127","31.073","31.02","30.966","30.902","30.825","30.738","",
"Ireland","IRL","40.854","40.605","40.351","40.075","39.798","39.523","39.248","38.975","38.702","38.431","38.16","37.889","37.614","37.333","",
"Isle of Man","IMN","48.177","48.167","48.149","48.131","48.113","48.095","48.078","48.06","48.042","48.024","48.006","47.988","47.958","47.916","",
"Israel","ISR","8.797","8.733","8.67","8.607","8.544","8.482","8.42","8.35899999999999","8.298","8.23699999999999","8.176","8.114","8.051","7.988","",
"Italy","ITA","32.778","32.718","32.618","32.499","32.38","32.262","32.144","32.026","31.908","31.791","31.673","31.556","31.44","31.314","",
"Jamaica","JAM","48.186","47.947","47.749","47.563","47.375","47.189","47.002","46.816","46.629","46.443","46.257","46.07","45.873","45.664","",
"Japan","JPN","21.351","20.01","18.353","16.804","15.36","14.022","12.943","11.987","11.091","10.257","9.47799999999999","8.752","8.098","7.509","",
"Jordan","JOR","20.192","19.913","19.636","19.362","19.091","18.823","18.558","18.296","18.036","17.78","17.527","17.276","17.03","16.789","",
"Kazakhstan","KAZ","44.271","44.473","44.674","44.876","45.079","45.281","45.484","45.686","45.889","46.092","46.268","46.419","46.542","46.639","",
"Kenya","KEN","80.108","79.761","79.409","79.052","78.69","78.325","77.955","77.58","77.2","76.817","76.429","76.033","75.63","75.22","",
"Kiribati","KIR","57.042","56.527","56.508","56.488","56.468","56.449","56.429","56.397","56.353","56.296","56.227","56.145","56.052","55.945","",
"Korea, Dem. Rep.","PRK","40.588","40.509","40.43","40.352","40.273","40.195","40.116","40.038","39.96","39.882","39.79","39.684","39.564","39.431","",
"Korea, Rep.","KOR","20.379","20.06","19.701","19.348","18.998","18.655","18.472","18.369","18.267","18.165","18.064","17.963","17.859","17.751","",
"Kosovo","","","","","","","","","","","","","","","","",
"Kuwait","KWT","1.887","1.872","1.858","1.843","1.828","1.813","1.798","1.783","1.768","1.752","1.73699999999999","1.721","1.706","1.69","",
"Kyrgyz Republic","KGZ","64.702","64.704","64.705","64.707","64.708","64.71","64.711","64.713","64.715","64.716","64.697","64.658","64.597","64.517","",
"Lao PDR","LAO","78.023","77.007","75.956","74.874","73.758","72.614","71.463","70.312","69.161","68.015","66.877","65.748","64.632","63.531","",
"Latvia","LVA","31.933","32.05","32.15","32.2","32.1","32","32.033","32.1","32.166","32.236","32.308","32.38","32.452","32.524","",
"Lebanon","LBN","14","13.885","13.769","13.652","13.534","13.416","13.297","13.178","13.058","12.938","12.817","12.696","12.574","12.452","",
"Lesotho","LSO","80.452","79.933","79.403","78.863","78.311","77.751","77.18","76.707","76.226","75.741","75.247","74.747","74.24","73.729","",
"Liberia","LBR","55.669","55.327","54.983","54.639","54.294","53.949","53.604","53.258","52.912","52.559","52.199","51.832","51.459","51.079","",
"Libya","LBY","23.654","23.559","23.456","23.345","23.226","23.1","22.966","22.825","22.676","22.521","22.358","22.188","22.012","21.83","",
"Liechtenstein","LIE","84.87","85.038","85.094","85.15","85.205","85.261","85.316","85.371","85.426","85.481","85.536","85.59","85.635","85.67","",
"Lithuania","LTU","33.014","33.081","33.172","33.263","33.354","33.365","33.294","33.223","33.152","33.158","33.243","33.328","33.396","33.446","",
"Luxembourg","LUX","15.784","15.157","14.701","14.257","13.823","13.402","12.991","12.591","12.2","11.822","11.453","11.094","10.753","10.432","",
"Macao SAR, China","MAC","0","0","0","0","0","0","0","0","0","0","0","0","0","0","",
"Macedonia, FYR","MKD","41.452","41.661","41.87","42.079","42.289","42.473","42.631","42.764","42.871","42.953","43.008","43.038","43.041","43.019","",
"Madagascar","MDG","72.879","72.609","72.337","72.064","71.789","71.186","70.575","69.957","69.33","68.702","68.071","67.438","66.804","66.168","",
"Malawi","MWI","85.39","85.302","85.214","85.125","85.036","84.946","84.856","84.765","84.674","84.573","84.46","84.337","84.202","84.056","",
"Malaysia","MYS","38.023","37.078","36.144","35.22","34.306","33.406","32.517","31.64","30.775","29.925","29.088","28.265","27.474","26.716","",
"Maldives","MDV","72.294","71.141","69.958","68.748","67.51","66.25","64.966","63.697","62.447","61.219","60.016","58.841","57.697","56.584","",
"Mali","MLI","71.644","70.925","70.194","69.453","68.7","67.94","67.168","66.388","65.597","64.8","64.004","63.211","62.421","61.637","",
"Malta","MLT","7.63200000000001","7.35899999999999","7.095","6.84","6.593","6.355","6.125","5.908","5.705","5.514","5.33499999999999","5.167","5.009","4.861","",
"Marshall Islands","MHL","31.642","31.326","31.013","30.704","30.4","30.099","29.803","29.51","29.222","28.938","28.657","28.381","28.109","27.841","",
"Mauritania","MRT","50.756","49.957","49.168","48.39","47.625","46.873","46.134","45.408","44.697","44","43.318","42.652","42","41.364","",
"Mauritius","MUS","57.33","57.54","57.75","57.96","58.17","58.379","58.588","58.797","59.005","59.213","59.421","59.628","59.836","60.021","",
"Mexico","MEX","25.278","24.955","24.635","24.318","24.003","23.692","23.383","23.077","22.773","22.473","22.175","21.882","21.593","21.309","",
"Micronesia, Fed. Sts.","FSM","77.67","77.67","77.67","77.67","77.67","77.67","77.676","77.683","77.689","77.695","77.702","77.697","77.683","77.658","",
"Moldova","MDA","54.197","54.296","54.395","54.494","54.593","54.692","54.791","54.89","54.989","55.064","55.114","55.141","55.143","55.121","",
"Monaco","MCO","0","0","0","0","0","0","0","0","0","0","0","0","0","0","",
"Mongolia","MNG","42.867","41.778","40.696","39.622","38.557","37.506","36.465","35.436","34.419","33.42","32.433","31.462","30.528","29.634","",
"Montenegro","MNE","41.456","40.441","39.432","38.432","37.98","37.8","37.62","37.44","37.261","37.082","36.904","36.726","36.543","36.357","",
"Morocco","MAR","46.665","46.338","46.01","45.683","45.356","44.874","44.36","43.847","43.335","42.825","42.316","41.809","41.303","40.8","",
"Mozambique","MOZ","70.902","70.723","70.543","70.363","70.182","70.001","69.818","69.636","69.452","69.255","69.045","68.821","68.583","68.331","",
"Myanmar","MMR","73.032","72.682","72.311","71.919","71.505","71.07","70.614","70.135","69.637","69.119","68.595","68.065","67.531","66.993","",
"Namibia","NAM","67.627","67.102","66.234","65.291","64.334","63.368","62.39","61.402","60.403","59.399","58.384","57.363","56.334","55.321","",
"Nepal","NPL","86.569","86.033","85.737","85.436","85.129","84.817","84.5","84.178","83.85","83.517","83.178","82.834","82.482","82.123","",
"Netherlands","NLD","23.205","22.17","20.887","19.659","18.486","17.37","16.364","15.461","14.598","13.758","12.939","12.163","11.425","10.729","",
"New Caledonia","NCL","38.22","37.829","37.439","37.051","36.664","36.035","35.362","34.694","34.031","33.376","32.727","32.099","31.491","30.904","",
"New Zealand","NZL","14.323","14.236","14.1","14","13.974","13.948","13.922","13.896","13.87","13.852","13.835","13.817","13.8","13.777","",
"Nicaragua","NIC","45.263","45.024","44.784","44.545","44.305","44.067","43.819","43.563","43.299","43.026","42.745","42.456","42.159","41.854","",
"Niger","NER","83.814","83.73","83.635","83.529","83.41","83.28","83.137","82.982","82.815","82.634","82.441","82.234","82.014","81.78","",
"Nigeria","NGA","65.16","64.331","63.492","62.644","61.788","60.926","60.057","59.181","58.298","57.412","56.52","55.638","54.766","53.906","",
"Northern Mariana Islands","MNP","9.884","9.946","10.009","10.073","10.137","10.201","10.265","10.33","10.395","10.461","10.526","10.586","10.64","10.687","",
"Norway","NOR","23.919","23.439","23.001","22.77","22.725","22.51","22.111","21.766","21.474","21.185","20.898","20.615","20.335","20.061","",
"Oman","OMN","28.431","28.451","28.471","28.491","28.173","27.6","27.033","26.473","25.92","25.376","24.839","24.309","23.796","23.301","",
"Pakistan","PAK","66.845","66.554","66.25","65.935","65.608","65.27","64.92","64.558","64.184","63.799","63.402","62.993","62.572","62.14","",
"Palau","PLW","30.037","28.374","26.765","25.216","23.725","22.3","20.979","19.759","18.633","17.596","16.642","15.766","14.961","14.224","",
"Panama","PAN","37.802","37.506","37.211","36.917","36.623","36.331","36.04","35.749","35.46","35.172","34.885","34.595","34.302","34.006","",
"Papua New Guinea","PNG","86.796","86.818","86.836","86.854","86.873","86.891","86.909","86.927","86.945","86.963","86.981","87","87.018","87.023","",
"Paraguay","PRY","44.669","44.034","43.4","43.107","42.878","42.65","42.422","42.194","41.966","41.74","41.513","41.286","41.06","40.826","",
"Peru","PER","26.958","26.552","26.15","25.751","25.356","24.966","24.579","24.197","23.818","23.448","23.085","22.731","22.384","22.046","",
"Philippines","PHL","52.045","52.316","52.586","52.857","53.128","53.397","53.667","53.937","54.207","54.476","54.745","54.983","55.19","55.367","",
"Poland","POL","38.284","38.239","38.213","38.324","38.436","38.548","38.659","38.771","38.884","38.996","39.108","39.22","39.312","39.383","",
"Portugal","PRT","45.601","44.956","44.334","43.713","43.093","42.478","41.863","41.251","40.641","40.036","39.433","38.833","38.242","37.662","",
"Puerto Rico","PRI","5.613","5.667","5.72199999999999","5.776","5.83199999999999","5.88800000000001","5.944","6.001","6.05800000000001","6.116","6.175","6.229","6.27800000000001","6.324","",
"Qatar","QAT","3.68899999999999","3.494","3.30800000000001","3.13200000000001","2.895","2.551","2.246","1.977","1.739","1.53","1.345","1.188","1.054","0.938999999999993","",
"Romania","ROU","46.996","47.148","47.22","47.088","46.957","46.826","46.695","46.564","46.433","46.302","46.171","46.04","45.909","45.765","",
"Russian Federation","RUS","26.65","26.654","26.659","26.627","26.582","26.537","26.492","26.447","26.402","26.358","26.313","26.268","26.214","26.149","",
"Rwanda","RWA","85.074","84.171","83.223","82.402","81.574","80.718","79.832","78.915","77.967","77.012","76.048","75.078","74.106","73.131","",
"Samoa","WSM","78.023","77.932","78.059","78.302","78.543","78.782","79.019","79.25","79.476","79.7","79.922","80.143","80.361","80.56","",
"San Marino","SMR","6.56","6.25","6.075","6.02500000000001","5.994","5.98099999999999","5.96899999999999","5.956","5.944","5.93000000000001","5.914","5.896","5.877","5.85599999999999","",
"Sao Tome and Principe","STP","46.576","45.623","44.673","43.75","42.856","41.99","41.153","40.345","39.566","38.815","38.093","37.4","36.735","36.098","",
"Saudi Arabia","SAU","20.152","19.923","19.696","19.47","19.246","19.021","18.796","18.573","18.351","18.133","17.916","17.702","17.49","17.281","",
"Senegal","SEN","59.655","59.51","59.364","59.218","59.057","58.881","58.689","58.482","58.26","58.023","57.77","57.503","57.219","56.921","",
"Serbia","SRB","46.812","46.544","46.276","46.008","45.741","45.474","45.207","44.94","44.89","44.841","44.792","44.742","44.693","44.627","",
"Seychelles","SYC","49.88","49.72","49.546","49.359","49.159","48.945","48.718","48.478","48.225","47.959","47.681","47.389","47.085","46.769","",
"Sierra Leone","SLE","64.374","64.133","63.891","63.648","63.404","63.16","62.904","62.636","62.355","62.063","61.759","61.443","61.115","60.774","",
"Singapore","SGP","0","0","0","0","0","0","0","0","0","0","0","0","0","0","",
"Sint Maarten (Dutch part)","SXM","0","0","0","0","0","0","0","0","0","0","0","0","0","0","",
"Slovak Republic","SVK","43.767","43.837","43.987","44.137","44.287","44.437","44.588","44.739","44.889","45.04","45.315","45.59","45.837","46.055","",
"Slovenia","SVN","49.248","49.22","49.223","49.315","49.407","49.499","49.591","49.683","49.776","49.867","49.96","50.052","50.144","50.236","",
"Solomon Islands","SLB","84.187","83.799","83.403","82.999","82.587","82.168","81.741","81.306","80.862","80.411","79.952","79.494","79.036","78.579","",
"Somalia","SOM","66.753","66.383","66.01","65.629","65.24","64.844","64.439","64.026","63.606","63.177","62.741","62.298","61.847","61.388","",
"South Africa","ZAF","43.109","42.632","42.102","41.554","41.007","40.464","39.923","39.384","38.846","38.313","37.782","37.254","36.728","36.212","",
"South Sudan","SSD","83.496","83.368","83.239","83.109","82.977","82.846","82.713","82.58","82.445","82.301","82.145","81.978","81.8","81.61","",
"Spain","ESP","23.738","23.657","23.467","23.222","22.978","22.737","22.498","22.26","22.024","21.79","21.558","21.327","21.098","20.871","",
"Sri Lanka","LKA","81.557","81.569","81.582","81.594","81.606","81.618","81.63","81.643","81.655","81.667","81.679","81.691","81.703","81.7","",
"St. Kitts and Nevis","KNA","67.222","67.407","67.573","67.719","67.845","67.952","68.039","68.107","68.155","68.184","68.194","68.185","68.156","68.108","",
"St. Lucia","LCA","72.226","72.527","73.671","74.784","75.867","76.915","77.932","78.916","79.869","80.787","81.55","81.55","81.55","81.541","",
"St. Martin (French part)","MAF","","","","","","","","","","","","","","","",
"St. Vincent and the Grenadines","VCT","54.814","54.452","54.09","53.728","53.367","53.007","52.647","52.287","51.929","51.572","51.215","50.86","50.505","50.152","",
"Sudan","SDN","67.505","67.452","67.399","67.346","67.293","67.24","67.187","67.134","67.081","67.01","66.92","66.812","66.685","66.54","",
"Suriname","SUR","33.556","33.483","33.409","33.336","33.263","33.318","33.385","33.453","33.521","33.588","33.656","33.724","33.792","33.86","",
"Swaziland","SWZ","77.314","77.445","77.575","77.704","77.834","77.962","78.09","78.217","78.33","78.426","78.508","78.575","78.626","78.663","",
"Sweden","SWE","15.974","15.929","15.867","15.804","15.742","15.681","15.57","15.412","15.254","15.098","14.944","14.79","14.637","14.486","",
"Switzerland","CHE","26.678","26.678","26.64","26.602","26.564","26.526","26.488","26.45","26.412","26.375","26.337","26.299","26.261","26.213","",
"Syrian Arab Republic","SYR","48.053","47.686","47.318","46.951","46.583","46.217","45.846","45.471","45.092","44.71","44.323","43.934","43.541","43.145","",
"Tajikistan","TJK","73.514","73.543","73.571","73.6","73.583","73.567","73.55","73.534","73.517","73.5","73.484","73.467","73.432","73.379","",
"Tanzania","TZA","77.691","77.326","76.956","76.389","75.777","75.155","74.522","73.879","73.224","72.561","71.886","71.202","70.507","69.804","",
"Thailand","THA","68.609","67.428","66.221","64.994","63.744","62.48","61.196","59.896","58.581","57.256","55.92","54.606","53.318","52.057","",
"Timor-Leste","TLS","75.737","75.381","75.021","74.657","74.29","73.686","73.066","72.436","71.797","71.15","70.493","69.829","69.168","68.515","",
"Togo","TGO","67.093","66.644","66.191","65.735","65.276","64.815","64.351","63.884","63.413","62.942","62.467","61.99","61.507","61.021","",
"Tonga","TON","76.988","76.959","76.931","76.902","76.873","76.845","76.816","76.773","76.719","76.665","76.611","76.557","76.502","76.44","",
"Trinidad and Tobago","TTO","89.223","89.403","89.581","89.756","89.928","90.098","90.265","90.429","90.592","90.751","90.908","91.063","91.205","91.334","",
"Tunisia","TUN","36.568","36.182","35.798","35.415","35.071","34.902","34.734","34.567","34.399","34.233","34.066","33.9","33.726","33.544","",
"Turkey","TUR","35.259","34.668","34.047","33.431","32.82","32.217","31.618","31.025","30.438","29.859","29.285","28.718","28.166","27.63","",
"Turkmenistan","TKM","54.087","53.863","53.638","53.413","53.188","52.952","52.704","52.445","52.174","51.891","51.598","51.293","50.977","50.65","",
"Turks and Caicos Islands","TCA","15.45","14.638","13.993","13.392","12.812","12.255","11.719","11.203","10.706","10.23","9.77200000000001","9.33199999999999","8.91","8.518","",
"Tuvalu","TUV","53.982","53.571","53.159","52.344","51.322","50.301","49.279","48.257","47.235","46.218","45.204","44.193","43.185","42.186","",
"Uganda","UGA","87.918","87.833","87.747","87.517","87.245","86.969","86.687","86.4","86.108","85.811","85.508","85.2","84.885","84.563","",
"Ukraine","UKR","32.855","32.817","32.717","32.573","32.403","32.21","32.031","31.853","31.675","31.498","31.314","31.124","30.928","30.726","",
"United Arab Emirates","ARE","19.764","19.345","18.933","18.528","18.129","17.738","17.352","16.981","16.623","16.277","15.945","15.625","15.316","15.019","",
"United Kingdom","GBR","21.349","21.249","20.953","20.661","20.371","20.085","19.801","19.521","19.243","18.969","18.698","18.43","18.166","17.908","",
"United States","USA","20.943","20.766","20.591","20.417","20.243","20.072","19.901","19.731","19.562","19.394","19.228","19.06","18.892","18.723","",
"Uruguay","URY","7.97199999999999","7.697","7.431","7.172","6.922","6.681","6.447","6.221","6.002","5.791","5.586","5.38800000000001","5.197","5.017","",
"Uzbekistan","UZB","62.571","62.722","62.873","63.024","63.174","63.324","63.474","63.598","63.695","63.765","63.809","63.827","63.818","63.783","",
"Vanuatu","VUT","78.327","78.047","77.765","77.479","77.191","76.901","76.608","76.313","76.015","75.714","75.411","75.106","74.8","74.492","",
"Venezuela, RB","VEN","12.02","11.697","11.562","11.52","11.478","11.437","11.395","11.354","11.313","11.272","11.231","11.19","11.149","11.106","",
"Vietnam","VNM","75.626","75.063","74.489","73.908","73.317","72.719","72.112","71.496","70.872","70.242","69.608","68.971","68.332","67.691","",
"Virgin Islands (U.S.)","VIR","7.414","7.18600000000001","6.964","6.749","6.539","6.336","6.139","5.947","5.761","5.581","5.40600000000001","5.23999999999999","5.084","4.93600000000001","",
"West Bank and Gaza","PSE","28.031","27.811","27.591","27.373","27.155","26.939","26.724","26.509","26.296","26.081","25.864","25.644","25.423","25.2","",
"Yemen, Rep.","YEM","73.733","73.213","72.685","72.151","71.61","71.064","70.513","69.958","69.398","68.835","68.268","67.698","67.126","66.55","",
"Zambia","ZMB","65.198","65.042","64.631","64.219","63.804","63.388","62.969","62.548","62.125","61.701","61.275","60.847","60.413","59.973","",
"Zimbabwe","ZWE","66.242","65.83","65.415","65.521","65.706","65.89","66.074","66.257","66.44","66.622","66.804","66.985","67.166","67.346","",
